Descriptives,First/mAP_0.5:0.95,Second/mAP_0.5:0.95,Third/mAP_0.5:0.95
Count,50,101,50
Mean,0.368914,0.364987,0.377881
Std,0.049069,0.012086,0.039858
Min,0.20744,0.31796,0.19421
25%,0.361355,0.3581,0.374265
50%,0.390985,0.36494,0.38932
75%,0.39972,0.37245,0.39776
max,0.41304,0.40601,0.41816
