Descriptives,First/mAP_0.5,Second/mAP_0.5,Third/mAP_0.5
Count,50.0,101.0,50.0
Mean,0.672929,0.654837,0.663819
Std,0.052689,0.021346,0.045529
Min,0.44569,0.5733,0.414
25%,0.679142,0.63987,0.651232
50%,0.68774,0.65282,0.66787
75%,0.69731,0.66925,0.68989
Max,0.70865,0.71752,0.71664
